id,first_name,last_name,yearly_income,credit_score,dti_ratio,age
1,Ricoriki,Vanyushin,43089,380,9.43,31
2,Harper,Kinsella,52286,686,2.54,65
3,Micki,Elen,33858,509,7.8,18
4,Reinald,Killiam,26848,741,4.27,77
5,D'arcy,Brouncker,59033,554,0.78,65
6,Caspar,Langelaan,34789,359,8.12,65
7,Haley,Witchell,56205,405,3.94,39
8,Quentin,Trowler,25977,616,4.0,23
9,Garek,Lawrenceson,57466,424,2.28,67
10,Ambrosi,Acarson,57467,803,1.38,76
11,Cornelia,Methringham,30658,317,9.15,72
12,Joete,Spurryer,33245,575,5.51,52
13,Shandeigh,Lanfare,35760,480,7.83,79
14,Elane,Nealy,51104,574,7.64,80
15,Carroll,Hatchell,51986,731,8.35,42
16,Shamus,Jados,56085,569,0.95,34
17,Carny,Vennings,48754,525,4.08,25
18,Ola,Camerati,35817,736,5.78,51
19,Winnah,Gorman,42669,542,9.19,55
20,Lockwood,Greenstock,55453,780,4.52,25
21,Dill,Parzizek,55969,384,5.44,40
22,Michal,Shreenan,41474,489,1.57,58
23,Antoinette,Skacel,38486,773,7.64,80
24,Leann,Tante,45689,489,2.56,35
25,Christye,McKean,53861,632,5.85,50
26,Dalenna,Bilton,50172,390,8.27,64
27,Huntley,Urwen,19138,718,5.16,37
28,Lettie,Portman,44497,403,2.48,19
29,Frederique,Honacker,43701,324,9.07,59
30,Kane,D'orsay,35809,575,4.13,18
31,Shem,Tonbye,52442,435,4.15,64
32,Fonz,Pendreigh,41416,837,6.52,23
33,Ezmeralda,Sprull,40139,438,2.98,80
34,Nyssa,Dulinty,53974,694,8.45,68
35,Melinda,Archbould,44961,838,6.78,24
36,Gannie,Warke,47985,515,3.27,77
37,Lorraine,McLay,17196,480,6.08,61
38,Kandace,Emslie,66742,595,9.28,44
39,Stu,Salazar,40455,467,3.09,51
40,Gregoire,Tabourier,40241,415,6.69,19
41,Aridatha,Tinman,43301,625,5.74,49
42,Happy,Guerri,30874,826,3.47,20
43,Leesa,Gebbe,31325,692,8.15,24
44,Hedda,Reeveley,46355,775,6.98,56
45,Ramsay,Ranshaw,54465,600,8.55,19
46,Hermione,Gummer,47773,643,9.0,60
47,Laney,Southern,45789,363,2.59,40
48,Benoit,Zold,51044,678,9.31,19
49,Elga,Griswood,43861,839,0.95,23
50,Johnnie,Dowman,43838,479,1.35,41
51,Lilla,Kuban,57133,820,5.53,69
52,Lauraine,Duddell,60477,658,2.44,79
53,Nikkie,Townsley,36475,811,9.23,69
54,Zsazsa,Giacopello,35600,463,8.8,68
55,Xylina,Brodie,39885,624,4.13,61
56,Iver,Meeson,49395,694,5.94,42
57,Stanislaus,McQuillan,46453,316,8.47,34
58,Harrietta,Leatherbarrow,46142,718,6.02,24
59,Nonna,Sharply,41925,377,2.89,30
60,Hercules,Sudworth,46075,689,5.68,68
61,Celeste,Roux,48431,769,7.71,47
62,Vivien,Ccomini,43359,307,9.18,73
63,Susette,Kerry,42597,686,8.16,75
64,Antony,Crosoer,42764,694,3.81,76
65,Halie,Edger,51719,792,2.91,63
66,Ulla,Beavors,40039,725,6.85,40
67,Dinny,Quinnette,43347,313,0.9,47
68,Jenny,Elia,43933,681,9.44,62
69,Isabelita,Mabbett,47287,560,2.94,24
70,Sarita,Jellings,45019,395,9.35,56
71,Allyn,Wilbore,49342,574,4.89,51
72,Yolane,O'Heagertie,37465,740,0.5,48
73,Selby,Hyslop,53795,434,2.0,46
74,Kristopher,Summerfield,40495,507,8.6,45
75,Erin,Wanka,45910,694,8.28,72
76,Bernita,Wimpress,41919,712,0.21,35
77,Dar,Mannin,34841,474,9.44,57
78,Emlen,Cornewell,47461,635,1.36,36
79,Anita,Gamlyn,38935,550,0.47,41
80,Wilt,Moxson,43825,507,2.57,29
81,Laurice,Medwell,46589,358,4.77,50
82,Mamie,Bessom,32276,664,8.83,61
83,Mauricio,Rickert,59767,308,3.59,43
84,Colleen,Lunt,37458,752,1.26,30
85,Artemas,Loweth,35847,496,5.03,40
86,Emerson,Lenney,55715,715,9.19,57
87,Atalanta,Travis,51593,531,4.6,40
88,Rae,Gatecliff,45291,841,8.66,56
89,Layne,Bradnam,55700,644,4.98,44
90,Karlie,Carde,45011,715,6.65,50
91,Tomas,Woolaston,57262,585,5.35,62
92,Sande,Gladman,32222,445,6.67,69
93,Gretchen,Gladwish,33523,423,8.21,69
94,Codi,Challenger,31128,407,3.88,26
95,Joya,Roon,29148,610,0.8,26
96,Boycey,Woolaghan,38743,560,1.37,28
97,Allx,MacGow,49712,602,2.73,80
98,Wally,Lambird,33445,578,4.39,77
99,Theo,Drynan,33221,498,3.66,24
100,Jack,Carme,56859,803,5.88,39
101,Marcel,Snead,57380,795,4.79,35
102,Udall,Fairham,52449,391,5.89,70
103,Merwin,Skellorne,32985,412,8.33,65
104,Bart,Labrone,38673,535,2.59,60
105,Ede,Shepcutt,26763,625,6.8,36
106,Amie,Buckwell,35989,655,4.24,22
107,Odell,Whitten,32467,624,0.09,77
108,Brietta,Seale,34636,632,8.76,37
109,Lorenza,Timlin,36845,418,7.13,72
110,Barnard,Franc,55756,420,5.48,65
111,Alyosha,Scibsey,54172,326,1.81,55
112,Andris,Fallanche,54660,789,9.2,38
113,Debee,Smurfitt,38737,703,0.15,25
114,Ramona,Beldom,34684,731,4.76,69
115,Ivonne,Mincini,63259,653,5.97,50
116,Yolanda,Klink,47636,647,2.39,55
117,Zacharia,Gallymore,45636,521,3.06,40
118,Mano,Ruckman,37080,755,6.69,30
119,Allina,Tomaino,39768,475,5.29,79
120,Alina,Valerius,41783,512,6.98,64
121,Herbert,Phittiplace,45201,549,4.8,44
122,Malina,Eakeley,59732,323,5.79,58
123,Holt,Beckey,43438,439,1.29,38
124,Lida,Duker,45167,814,3.27,61
125,Prince,Gerran,39435,728,5.49,26
126,Izabel,Quernel,70475,745,0.19,79
127,Hermon,Le Quesne,43908,392,6.65,40
128,Keelby,Lishmund,36914,698,6.62,66
129,Boy,Popplestone,53625,471,0.7,63
130,Biron,Bruckent,20770,481,0.23,33
131,Denna,Attenbrow,56958,741,2.43,52
132,Michelle,Beardon,42158,730,2.54,33
133,Meg,Jelks,39814,448,0.49,46
134,Drucie,MacClenan,27644,718,4.2,30
135,Mildrid,Saiz,41377,452,7.73,34
136,Audrie,McCaghan,51032,316,1.11,39
137,Siana,Todeo,62474,354,9.7,18
138,Shandeigh,Cason,41352,640,3.27,71
139,Alejandra,Deignan,47374,844,7.56,42
140,Kain,Kydde,49899,387,2.54,72
141,Art,Spire,36570,319,1.41,22
142,Missie,Bouzan,40261,655,7.18,20
143,Alysa,Wilkowski,45264,532,2.63,72
144,Giordano,Walley,43885,348,3.92,53
145,Kinsley,Royden,39287,426,9.42,37
146,Alexine,Clemendet,53394,753,9.79,31
147,Ozzie,Minall,54905,423,4.27,43
148,Ricky,McIlwrath,49459,533,2.19,41
149,Becka,Dumini,45912,703,8.76,72
150,Olly,Gouldthorpe,27807,709,7.78,70
151,Fiorenze,Kent,26766,661,5.29,41
152,Kira,Rizzotto,53457,693,6.55,42
153,Em,Blewis,34424,624,4.34,59
154,Delmore,Shadrach,55023,720,4.47,61
155,Ethe,Ozintsev,33226,533,9.64,75
156,Nata,Macveigh,31498,460,9.01,74
157,Carlos,Skellorne,30328,617,9.38,77
158,Michael,Piggens,47358,776,8.58,30
159,Kile,Hutcheons,35316,399,1.53,20
160,Ardelia,Dybell,54731,797,0.07,77
161,Boyce,Paolicchi,48359,489,9.48,29
162,Padraic,Cawsey,38196,556,2.74,78
163,Merilee,Ismay,34729,426,5.01,76
164,Gaston,Aiskovitch,49652,550,4.75,41
165,Ethelda,Huffadine,46320,728,4.9,72
166,Carmel,Sacchetti,49936,718,9.61,57
167,Bealle,Eskell,52650,366,4.03,55
168,Griffin,Pellamonuten,41805,824,0.55,68
169,Kellina,Marton,43841,654,4.07,29
170,Sutton,Gatfield,48138,383,6.06,62
171,Carolyn,La Padula,45128,330,5.25,23
172,Lari,McKinnell,55735,351,4.0,33
173,Justus,Markus,30243,411,6.31,56
174,Randee,Besantie,27415,620,3.8,27
175,Rozalie,Leffek,28931,444,0.02,66
176,Conny,Pardew,64143,829,2.8,29
177,Harvey,Betz,46084,794,6.86,61
178,Pall,Miell,46591,511,5.18,61
179,Rollin,Canto,39657,456,7.27,72
180,Russ,Klaas,68783,538,7.29,33
181,Catlee,Belfield,53702,806,0.6,43
182,Nancie,Beaglehole,57878,592,7.76,53
183,Haley,Verner,32147,315,5.24,52
184,Viki,Pinchon,45642,783,6.8,34
185,Kylynn,Trask,50378,538,9.67,49
186,Gretchen,Leversha,48887,603,2.72,46
187,Micky,Arpino,33288,722,7.41,55
188,Laurene,Bullocke,40922,313,6.74,78
189,Buffy,Marshall,56925,675,4.86,37
190,Duky,Grabeham,60271,614,0.03,22
191,Dimitry,Klaas,44010,656,8.43,24
192,Yancy,MacCallester,36912,625,5.79,72
193,Lonny,Hurring,37202,672,3.97,18
194,Georgie,Van Son,57946,711,0.2,18
195,Viola,Acome,47640,381,9.8,64
196,Odessa,Carnson,46892,695,2.09,32
197,Dyana,Durran,43863,671,2.71,24
198,Donella,MacCleod,55138,311,7.01,26
199,Brok,Revill,47851,759,9.67,29
200,Langston,Jeaneau,39454,643,9.59,38
201,Tessi,Creyke,38891,379,1.09,63
202,Elka,Barkley,45619,573,8.96,34
203,Wallache,Astlett,39398,468,4.67,34
204,Kara,Courtenay,59171,753,9.99,28
205,Berkley,Roney,39771,466,5.81,20
206,Gerrilee,Mackney,41723,811,2.6,18
207,Rowan,Boundy,48977,493,1.98,24
208,Chas,Blewis,43143,469,5.19,63
209,Debor,Deas,40638,385,4.88,58
210,Rusty,Kingswood,54700,562,5.45,55
211,Magda,Chillingworth,48590,655,9.52,62
212,Hedvige,Aplin,38840,607,6.14,62
213,Winny,Feathers,49506,731,1.28,41
214,Adelheid,Ida,32937,837,6.57,60
215,Rafaellle,Lackney,43768,811,6.87,68
216,Jade,Belderson,50555,504,3.02,18
217,Morgen,Thireau,50578,824,4.44,48
218,Trip,Hulland,58207,593,6.95,77
219,Misha,Bocock,50761,829,1.07,78
220,Teador,Dabnot,38935,697,2.92,18
221,Drona,Blown,55748,769,4.35,58
222,Florinda,Wisdish,56800,551,6.19,21
223,Field,Kovalski,50579,488,9.22,47
224,Auguste,Troctor,41837,686,7.54,64
225,Edeline,Pietrowski,40472,640,7.04,23
226,Jeffy,Greenside,41560,474,5.64,54
227,Bennie,Culbert,48502,747,3.54,40
228,Darill,Ballintyne,48154,495,8.17,58
229,Udell,Baldacchino,51243,671,5.88,46
230,Lorilee,Ferreo,35482,737,6.73,74
231,Betteanne,Rings,33980,843,8.66,67
232,Kiley,Steaning,45512,650,3.03,66
233,Rochella,Sember,35750,662,7.77,47
234,Clarinda,Henryson,51483,525,7.86,76
235,Fonz,Diess,56061,360,8.94,25
236,Ricard,Ballston,34162,305,9.69,75
237,Dewie,Dawnay,47743,808,4.19,54
238,Maitilde,Musla,49731,672,0.68,41
239,Lorelei,Gwillyam,39647,467,2.48,50
240,Nickey,Furbank,43749,690,9.55,28
241,Fredrika,Thick,73647,735,0.62,20
242,Blane,Jime,45873,743,2.23,54
243,Isadora,Boundley,28634,486,3.49,42
244,Darby,Giovanardi,69988,368,4.56,41
245,Rodrigo,Troy,40292,326,7.78,72
246,Hector,Verrall,33641,655,6.71,27
247,Ethelin,Pikhno,48622,502,0.36,21
248,Reinold,Tivolier,38555,645,2.17,58
249,Carol,Tigner,45943,515,0.24,63
250,Vivianna,Saffrin,54918,658,9.37,63
251,Engelbert,Begbie,59111,394,2.44,24
252,Lindy,Powdrell,40175,504,2.6,77
253,Beatriz,Prahl,41735,798,6.33,44
254,Dina,Acarson,43804,606,7.06,62
255,Farr,Costa,51329,515,5.21,20
256,Vinny,Loggie,27860,817,0.89,48
257,Helaine,Lindenstrauss,49150,314,3.86,45
258,Lutero,Laverty,47133,584,5.87,28
259,Alvina,Bromell,56588,370,8.37,36
260,Jaclyn,Rigmond,49200,760,4.75,74
261,Tressa,Silcocks,46931,323,4.19,24
262,Claudetta,Oakenford,45925,351,3.36,63
263,Bree,Simcock,42889,442,4.58,61
264,Leodora,Ceillier,40459,807,9.26,32
265,Kaitlynn,Colbourne,48521,575,1.24,31
266,Baron,Edmondson,43054,458,5.18,26
267,Wain,Cockaday,50102,825,7.78,78
268,Hanson,McManamen,52136,541,3.71,23
269,Gaby,Lazare,60610,395,5.94,29
270,Lori,Blewis,52960,826,7.07,33
271,Linda,Woolmore,43855,378,7.7,71
272,Munroe,Skade,51766,551,3.27,27
273,Yolanda,Athridge,24740,681,2.9,33
274,Bertrand,Witton,59362,734,2.81,54
275,Orland,Townley,48699,753,7.07,75
276,Donielle,Baiyle,34724,670,3.42,50
277,Hildegarde,Shuter,33377,596,0.79,67
278,Savina,Jocelyn,40824,616,4.72,27
279,Francesco,Echallier,48270,739,0.86,19
280,Marinna,Splevins,33196,784,5.65,25
281,Kanya,O' Hern,49206,678,5.63,49
282,Murdoch,McGowing,52015,757,9.84,18
283,Theadora,Shaves,34430,807,8.85,77
284,Gerhardt,Philipet,42799,582,2.51,74
285,Granville,Feltham,42018,662,5.81,67
286,Cathyleen,Compston,35060,353,8.05,74
287,Raffarty,Bustard,50900,674,5.17,50
288,Opaline,Mincher,42787,660,5.31,63
289,Mirelle,Sisse,30397,370,1.1,47
290,Alma,Zecchetti,46806,808,1.53,25
291,Judi,Ramas,46367,659,1.77,77
292,Neale,Naylor,38059,419,8.09,44
293,Rivalee,Lewis,49761,788,5.36,68
294,Herold,Eidler,35972,317,6.73,47
295,Michell,Bansal,43362,757,9.57,32
296,Marquita,Rampling,44546,674,6.68,45
297,Jennie,Sire,51489,743,2.36,20
298,Farley,Dufton,46584,691,7.25,54
299,Kally,Ashard,46862,472,6.05,26
300,Rayner,Stookes,41646,438,6.17,22
301,Jerrome,Druce,37314,816,9.07,42
302,Sonnnie,Kenna,54193,301,8.71,77
303,Ginni,Artois,35157,804,7.49,61
304,Clint,Lipprose,47320,821,4.8,20
305,Nike,Danels,57708,354,4.44,79
306,Kathleen,Berrisford,37733,517,9.45,37
307,Anne-corinne,Handford,51729,776,6.29,53
308,Marion,Rispin,48140,537,9.32,66
309,Josefa,Ioan,51708,382,8.53,38
310,Toby,Bicknell,44516,598,7.78,45
311,Pepita,Ikringill,23765,455,7.49,67
312,Rivy,Brolechan,48363,735,8.45,24
313,Virgie,Spadaro,50115,371,5.88,62
314,Yard,Gabbidon,59580,499,9.05,53
315,Dilly,Sunnucks,42592,723,9.76,47
316,Fan,Storre,45521,430,4.89,74
317,Reena,Kupker,38714,514,4.83,62
318,Modesta,Maffulli,51209,307,3.38,33
319,Alexandr,Salvidge,46335,735,7.17,71
320,Lilllie,Penke,41672,608,1.03,27
321,Geoff,Santon,53362,315,8.13,74
322,Caralie,Blacktin,50991,740,4.85,69
323,Caye,Vallack,56904,451,3.94,44
324,Fifi,Symcox,67416,576,8.73,24
325,Kimbra,Hustings,51006,792,0.17,75
326,Greer,Budibent,56521,319,0.97,21
327,Gerome,Pomfrett,60143,674,9.64,58
328,Guss,Croce,40081,644,8.91,56
329,Torrence,Paulsson,48557,458,6.95,28
330,Gene,Hallet,51163,593,7.06,37
331,Tamarra,Piken,49397,825,6.83,47
332,Luci,Tolliday,51795,484,7.98,49
333,Justine,Butterick,33819,613,1.63,76
334,Tina,Phare,47921,495,5.2,56
335,Colly,Toal,42106,510,7.94,30
336,Ethan,Cadman,48745,359,1.12,44
337,Chariot,Stolte,54184,586,6.22,40
338,Fabe,Bugler,40982,626,0.33,24
339,Babbie,Truett,38215,331,4.27,40
340,Ad,Franciskiewicz,29712,592,5.15,44
341,Hiram,Pond,38726,312,1.66,68
342,Nick,Laslett,58475,593,9.41,36
343,Margeaux,Wathey,36360,727,7.17,58
344,Elmira,Sexty,56519,807,7.08,44
345,Marlo,Ickovitz,41534,788,0.36,39
346,Lenka,Avory,41060,575,6.56,38
347,Dinnie,Butting,55848,743,7.96,30
348,Karl,Nice,48876,354,3.18,59
349,Abie,Killshaw,46358,412,0.91,28
350,Henryetta,Glasebrook,43061,597,5.21,22
351,Estrella,Hurdle,37356,501,6.62,54
352,Kathe,Moggach,46472,804,2.52,74
353,Abeu,Meriet,38826,661,3.07,49
354,Biddie,Jacklin,35633,428,4.6,27
355,Bald,Rosa,45696,729,2.7,53
356,Blinny,Headings,41599,415,1.48,67
357,Andrei,Hallor,47631,786,6.44,65
358,Oran,Hazlegrove,40388,780,9.81,58
359,Launce,Parnaby,38297,330,5.07,22
360,Reinaldo,Breydin,35849,434,7.62,32
361,Ailey,Wiseman,58315,710,8.82,70
362,Brigida,Norcliffe,41591,704,2.36,66
363,Alia,Dixey,67549,329,3.33,56
364,Cecile,Saphir,31765,681,2.62,77
365,Leonanie,Hucquart,52937,300,0.98,57
366,Jilli,Erdely,48513,422,2.94,24
367,Jobie,Wiltshaw,44259,426,8.21,43
368,Lezley,Ardron,33139,799,5.19,20
369,Lucky,Kealy,64416,738,7.76,21
370,Jeannette,Mc Pake,59344,754,8.75,41
371,Sharia,Litton,38107,481,5.82,49
372,Marni,Davley,50874,601,4.65,39
373,Rees,Rebeiro,37015,840,9.88,80
374,Ebeneser,Kasperski,37233,713,0.3,38
375,Nellie,Landor,50078,417,8.74,52
376,Joceline,Eltone,36764,301,9.14,61
377,Debby,Wann,59897,331,4.26,36
378,Kelsey,MacGiolla Pheadair,48077,389,9.9,48
379,Ken,Risdall,44867,376,6.27,33
380,Rozanne,Kayley,41617,341,8.64,21
381,Edwin,Denyukin,32851,797,0.89,73
382,Aurora,Paridge,36048,350,0.64,34
383,Rolph,Provost,63908,615,9.36,65
384,Helli,Greendale,50448,451,7.2,44
385,Chiquia,Hunnaball,35651,466,2.92,80
386,Miof mela,Bugby,43724,790,7.04,75
387,Lona,Sawdon,58297,375,6.51,69
388,Nicol,Mac Giolla Pheadair,58849,350,0.24,47
389,Emalee,Le Grove,47104,708,8.54,51
390,Hesther,Kubyszek,36983,463,8.99,40
391,Luelle,Murie,67114,731,4.02,54
392,Bordy,Klimmek,46718,494,9.87,32
393,Holli,Tooze,49225,760,2.85,65
394,Joaquin,Pleasaunce,30812,550,1.04,77
395,Farica,Batecok,56205,442,3.95,61
396,Donnajean,Eskrigg,36920,333,5.4,41
397,Rafaello,Carlett,47794,562,0.98,44
398,Elvera,Marsy,47150,346,2.85,21
399,Giraldo,Hurdidge,50320,678,0.51,60
400,Guilbert,Bowry,39057,448,8.17,58
401,Cacilia,Rubinsztein,55880,706,9.7,48
402,Zebadiah,Igo,53287,510,2.44,74
403,Neille,Petzold,45309,569,9.24,36
404,Carlyn,Bathoe,66241,762,7.05,31
405,Rozele,McQuaker,67152,814,2.3,26
406,Shauna,Flarity,56795,564,6.91,63
407,Chantalle,Paroni,21715,741,2.24,56
408,Shurlock,Bartoletti,56308,778,8.44,39
409,Felecia,Fullilove,28533,711,4.26,50
410,Selinda,Rustadge,38699,753,5.84,63
411,Karlis,Helmke,36445,593,5.57,32
412,Hugh,Barbe,44103,589,9.94,69
413,Kaiser,Ruggles,47019,491,2.39,57
414,Clerc,Gentiry,35466,328,0.96,46
415,Herman,Normington,36802,307,6.43,71
416,Clovis,Kirtley,38937,662,7.76,36
417,Sheffie,McGillreich,38702,747,3.01,73
418,Alis,Roulston,31020,327,2.47,25
419,Lisbeth,Bole,58626,378,8.56,71
420,Job,Chapelle,34035,524,9.14,58
421,Morry,Kulicke,52810,317,8.62,76
422,Rudolf,Schwandermann,32684,396,7.29,38
423,Viole,Krishtopaittis,55390,654,0.16,74
424,Cly,Pawlowicz,40656,738,4.11,37
425,Nomi,Mewburn,33338,429,0.16,51
426,Matthiew,Bubeer,41950,790,4.3,56
427,Natassia,Brobeck,57693,359,8.98,66
428,Lou,Petrusch,58891,414,8.99,62
429,Leandra,Matt,21743,434,3.57,74
430,Bealle,Mugg,41095,550,5.69,55
431,Glynnis,Reavey,48929,414,3.29,67
432,Ashlen,Rammell,30562,532,2.08,54
433,Lorne,Levin,46007,832,0.14,53
434,Pandora,Winser,51454,737,2.92,55
435,Mikael,Crook,31180,504,6.33,28
436,Saundra,Najara,61515,754,5.77,65
437,Steffie,Burth,46089,603,4.74,65
438,Sergei,Enterle,59096,318,6.59,53
439,Lawrence,Brogioni,48831,773,0.43,68
440,Rora,Sennett,32315,306,7.52,59
441,Lynnea,Folliss,42514,372,2.7,31
442,Benedikt,Gladtbach,38921,307,6.24,36
443,Samson,Filmer,58592,508,4.62,57
444,Valaree,Osichev,30599,354,0.38,73
445,Sherwynd,Kennerknecht,38270,837,8.55,39
446,Myrvyn,Leaning,52042,447,8.7,26
447,Mead,Mildenhall,48331,698,0.44,47
448,Brinn,Barwick,51063,573,9.07,24
449,Edin,Skitterel,32929,668,8.49,64
450,Jacintha,Rothera,77705,598,9.34,20
451,Alyda,Mellmoth,48743,542,4.97,65
452,Bella,Cluely,51774,710,6.09,19
453,Hilarius,Spriggs,43346,592,3.85,35
454,Coreen,Kirkland,40964,588,7.59,69
455,Waylen,Shallcroff,31261,459,8.37,48
456,Christoffer,Courage,38665,703,2.33,55
457,Haskel,Cassin,26646,700,4.31,43
458,Haze,Briereton,45442,379,1.02,37
459,Currie,Keeting,34583,334,0.37,19
460,Zonnya,Cinelli,32141,406,5.68,38
461,Lawry,Antic,34603,802,4.08,49
462,Lucina,Breit,25476,700,8.4,68
463,Dorothea,Grahl,53950,427,5.8,75
464,Crissy,Heys,33459,771,3.75,80
465,Mar,Reddecliffe,51738,489,3.29,42
466,Datha,Di Biaggi,38054,518,2.74,43
467,Kelila,Keeltagh,52505,476,6.39,58
468,Leo,Lambregts,59093,567,4.65,45
469,Humbert,McKeag,43567,408,5.24,39
470,Gwenny,Vasishchev,51620,361,8.21,39
471,Vidovic,Gladdin,56243,554,3.09,26
472,Timofei,Spellecy,55558,456,2.74,41
473,Sebastiano,Ivakhin,42412,699,3.65,58
474,Gerhardt,Godman,29761,621,4.13,66
475,Wyatan,Fazakerley,50911,635,2.9,46
476,Talya,Vieyra,38911,628,8.06,63
477,Skipton,Balffye,52132,836,1.27,37
478,Darelle,Sherel,39442,680,5.33,19
479,Meade,Jermy,43115,801,2.68,20
480,Nyssa,Moizer,44841,739,1.54,68
481,Kimberlee,Layfield,61869,549,2.86,57
482,Claudette,Classen,49195,571,5.24,70
483,Syd,Farnham,59938,748,9.8,49
484,Gerrie,Geerling,43019,367,9.11,69
485,Juliane,Spurden,54182,653,9.39,33
486,Ninnetta,Roggerone,44408,473,2.4,21
487,Olenka,Inchbald,54183,679,3.2,58
488,Dorelle,Climer,52170,589,9.63,44
489,Dougie,Guiver,27671,647,2.53,46
490,Sherwynd,Hunston,55218,491,3.08,27
491,Darcey,Lints,39903,300,3.74,46
492,Bessie,Itzkovici,49714,658,9.68,20
493,Zia,Jewsbury,65149,363,0.99,49
494,Loraine,Lathbury,48350,570,1.59,41
495,Gerik,Gruszczak,51873,404,6.9,61
496,Jenilee,Utting,45767,465,2.81,69
497,Michele,Steynor,42981,593,2.14,72
498,Alaine,Willmett,41258,525,5.9,37
499,Denny,Merritt,39311,764,3.17,38
500,Viva,Hallam,28062,702,7.4,77
501,Masha,Joutapaitis,41313,638,7.99,58
502,Evita,Brussell,52283,833,6.03,24
503,Karlotta,Freen,40564,537,3.89,68
504,Lisha,Franzelini,30595,659,0.37,57
505,Olenka,Obington,55893,332,7.86,43
506,Carmencita,Hartle,62585,835,6.55,46
507,Irina,Shynn,43936,763,7.14,20
508,Torr,Cotilard,54004,471,1.06,25
509,Ulises,Stanman,36842,497,4.06,23
510,Thurstan,Dearle,42366,307,7.64,19
511,Lotte,Menere,44504,408,3.0,42
512,Orella,Sackes,50616,513,6.13,34
513,Haily,Arnatt,49024,370,2.7,34
514,Anabal,Beddoe,31989,826,2.17,39
515,Marten,Dunley,45057,394,5.46,59
516,Theresa,Pennuzzi,46576,766,5.68,67
517,Felita,MacLeese,32511,461,3.38,35
518,Kristofer,Skingle,48817,326,8.2,78
519,Benoit,Hought,17335,732,9.01,33
520,Jackelyn,Wafer,38826,501,9.34,74
521,Scarface,Gatrell,57568,774,1.07,53
522,Kamilah,Geare,51465,564,6.89,66
523,Esme,Huffa,36974,573,1.79,65
524,Dru,Millington,51262,517,2.89,47
525,Othelia,Pietraszek,35979,499,6.01,52
526,Fairleigh,Landrieu,39069,532,4.18,42
527,Bibbye,Garlant,29792,779,8.62,53
528,Verene,Kiffin,58159,543,4.34,18
529,Melodee,Lidbetter,45864,444,3.69,55
530,Kinna,Bowling,49669,813,8.27,78
531,Bartlet,Berger,42410,750,3.26,53
532,Parrnell,Kareman,45075,403,9.63,74
533,Tamarah,Baine,56701,743,4.43,68
534,Celisse,Margrem,27809,414,3.0,63
535,Angelico,Westnedge,36866,323,5.05,28
536,Afton,Kleiner,45020,658,4.45,61
537,Glen,Ceely,38699,797,6.85,67
538,Stesha,Pudsey,40661,543,9.17,28
539,Aggi,Lines,27501,846,6.22,41
540,Serge,Brazenor,34084,805,9.8,48
541,Karylin,Taverner,41221,733,0.79,54
542,Jerrilyn,Vest,45815,597,3.67,74
543,Shaylynn,Kaubisch,53896,323,1.83,67
544,Anna-diane,Mallinder,47881,667,5.48,47
545,Vassily,MacCarrick,41273,616,9.81,80
546,Annaliese,Drysdell,48962,359,5.73,31
547,Guy,Baudic,48964,738,6.88,21
548,Jerrie,Fipp,33566,399,5.08,77
549,Bridgette,Perfili,56462,443,5.01,35
550,Petunia,Kegley,47131,429,3.64,80
551,Ly,Puleque,55384,796,0.71,65
552,Dalenna,Cohr,35292,583,7.77,35
553,Standford,Sclanders,48270,637,0.82,80
554,Brucie,Bartens,36502,343,3.08,62
555,Gaspard,Surmeir,55742,375,5.3,78
556,Rich,Timperley,36322,727,2.22,20
557,Stephine,Kryszka,28953,554,3.38,33
558,Carena,Whitley,33653,520,1.63,39
559,Blinny,Feben,38922,839,3.67,76
560,Rozanna,Whybray,40871,361,1.73,77
561,Carolyn,Pollok,44262,546,5.22,60
562,Garik,Luna,45599,378,1.34,75
563,Matti,Beartup,42063,719,6.5,21
564,Vanda,Jotcham,33043,613,0.99,22
565,Aubrey,Morrid,25223,671,6.28,30
566,Richart,Gerner,58774,817,8.21,45
567,Tommy,Doody,40680,679,8.23,61
568,Cyndia,Laffin,50375,483,7.06,21
569,Emelina,Carey,44704,430,5.53,54
570,Joana,Readett,51678,658,6.37,31
571,Kelwin,De Nisco,41160,331,3.8,49
572,Ephrayim,Pretious,42699,770,7.44,46
573,Koral,Van der Veldt,44943,309,6.09,74
574,Merry,Leyninye,38252,303,8.14,45
575,Valma,Sharpling,45319,451,4.13,44
576,Kellby,Gabby,59163,599,8.84,67
577,Ferrel,Groocock,56781,469,2.77,79
578,Yurik,Godsmark,61292,607,0.33,27
579,Murry,Hefford,33596,520,2.25,80
580,Willy,Plaxton,52264,660,5.34,20
581,Aggy,Willimot,57894,612,5.53,58
582,Siana,Bevis,42786,826,6.53,80
583,Marvin,Bootman,55031,378,2.49,48
584,Abdel,Soppett,70339,468,4.65,48
585,Barry,Waszkiewicz,42358,729,7.95,53
586,Drugi,Allender,55695,792,8.53,22
587,Gar,Minard,58394,775,9.9,60
588,Joey,Dresse,42003,714,4.01,51
589,Willetta,Cirlos,39670,518,4.69,39
590,Edwina,Mcwhinney,58728,465,1.77,33
591,Borden,Ubanks,52473,849,7.22,64
592,Mallory,Foxten,43726,685,2.91,29
593,Arther,Reddan,45446,755,0.28,49
594,Binny,Dimmne,33106,422,5.6,46
595,Jennine,Tabard,66385,416,2.12,65
596,Justino,Benoey,42089,516,0.33,56
597,Misha,Beeze,40950,417,1.77,74
598,Arlie,Phidgin,59085,519,3.93,52
599,Isabelita,Heighton,68249,805,0.02,53
600,Caralie,Maus,41718,755,8.97,41
601,Celene,Tufts,53119,356,1.31,77
602,Andra,Selwyn,53382,352,4.52,45
603,Berthe,Argrave,43492,759,2.38,78
604,Ilse,Shalliker,48616,646,7.05,46
605,Gayle,Andrick,41528,847,3.47,42
606,Margie,Knibley,69878,313,8.57,48
607,Crysta,Goulbourne,58382,838,5.67,78
608,Nikaniki,Nixon,45240,417,2.34,28
609,Albertine,Rankling,43037,781,4.31,41
610,Candi,Flaherty,54928,675,3.03,32
611,Kerr,Haberjam,36147,329,7.36,37
612,Alick,Jolliman,61028,777,4.55,38
613,Sander,Parkeson,54592,687,4.96,45
614,Lurline,Loynton,43450,303,2.98,24
615,Ludwig,Sharnock,50246,384,1.57,64
616,Leese,Firmin,31836,493,9.69,27
617,Mar,Ashwell,42573,687,8.82,23
618,Chauncey,Foulser,49947,440,2.56,27
619,Perri,Durward,60008,839,3.82,68
620,Benny,Coogan,40349,820,7.77,58
621,Janessa,Hiscocks,59719,506,6.25,51
622,Robbie,Reside,40465,493,8.46,34
623,Eada,Schanke,49968,329,4.18,52
624,Gwenore,Casson,28929,819,7.66,52
625,Kirsteni,Gecke,22507,770,3.15,59
626,Lemmy,Ferrettino,46046,357,5.0,19
627,Hermione,McKelvey,48640,420,4.8,76
628,Creigh,Coyish,56111,447,7.22,65
629,Wilbert,Batman,56945,536,6.05,80
630,Philis,Syers,48184,404,5.44,53
631,Judah,Neggrini,49271,807,8.21,60
632,Maxie,Conrath,35795,636,0.54,62
633,Chloris,Bardnam,38153,822,8.76,61
634,Sigismond,Checchi,48455,502,4.2,42
635,Carilyn,Standingford,48170,776,1.56,48
636,Clementia,Reckhouse,36622,806,9.19,40
637,Regina,Olander,48366,594,9.9,66
638,Vyky,Cudde,36860,609,1.44,74
639,Daphne,Charlot,42705,416,8.5,40
640,Yasmeen,Kording,23400,599,3.13,65
641,Siffre,Leeuwerink,44226,410,4.81,76
642,Colan,Veillard,37915,707,4.86,60
643,Travus,Larwell,58549,771,6.56,38
644,Roger,Lampke,23251,463,2.61,67
645,Billi,Beig,30265,505,4.04,38
646,Garrett,Broomhead,51814,492,9.4,80
647,Tomlin,Knewstubb,28190,348,3.89,72
648,Alastair,Landreth,46834,819,5.11,31
649,Kimberlee,Sydes,31567,531,0.39,50
650,Frank,Olivier,26906,640,5.2,28
651,Asher,Saile,33129,629,6.8,66
652,Sauveur,Counsell,47381,444,2.66,43
653,Fairfax,Bootherstone,53853,771,8.09,78
654,Jo,Lawfull,28168,828,6.76,72
655,Hayyim,Comley,45935,696,6.45,24
656,Lyndell,McKinn,43384,701,9.65,25
657,Frazier,Kingsmill,36559,464,6.59,25
658,Ely,Wellstead,54108,436,8.6,70
659,Martita,Darlison,31257,377,7.58,72
660,Carole,Sivill,48507,393,1.99,21
661,Rodrique,Steffens,47544,322,7.69,43
662,Amabelle,Sogg,45779,305,3.5,51
663,Paxon,Janous,40018,684,6.51,56
664,Adam,Walby,51650,460,8.08,72
665,Gan,Poland,32408,826,7.08,73
666,Rakel,Matura,43284,701,7.03,42
667,Ilene,Moores,39953,814,1.86,28
668,Sharai,Sawkins,51322,376,0.72,47
669,Kaitlyn,Riehm,27726,347,3.03,25
670,Yuri,Olsen,52218,766,1.46,71
671,Kiri,Soltan,48385,749,1.04,74
672,Mischa,Briers,48973,487,6.92,50
673,Callean,Lotterington,47767,713,7.91,20
674,Beulah,Brehaut,31433,428,7.0,66
675,Cyrus,Detheridge,42067,398,2.44,52
676,Abra,Tidd,44523,579,5.79,61
677,Inglis,Albrooke,46050,540,8.19,42
678,Codi,Kermannes,59183,832,2.41,71
679,Liam,Wavell,47508,578,0.06,20
680,Julissa,Itscowicz,33490,605,4.42,40
681,Thacher,Colebourne,45755,739,3.2,62
682,Marika,Sheach,65587,327,1.99,69
683,Barbette,Pinnington,44810,352,3.89,30
684,Laurice,Sandbach,45976,711,3.4,38
685,Leupold,Scough,46651,605,8.46,46
686,Lissi,Pegram,55745,692,2.2,77
687,Celinka,Meekings,38027,350,7.12,18
688,Yorker,Gudde,42771,835,7.25,52
689,Solly,Rablen,52582,550,8.76,72
690,Burr,Gronow,58045,658,5.75,20
691,Monique,Batistelli,37093,832,7.15,67
692,Madelyn,Greenman,40637,321,6.87,42
693,Selma,Saggs,60931,718,2.81,38
694,Elfrida,Diack,38900,793,6.27,63
695,Randell,Alesin,23402,738,9.87,79
696,Sebastien,Volkers,55273,751,3.02,39
697,Kenna,Lovatt,54511,421,5.23,52
698,Willard,Keaves,44103,622,1.97,33
699,Brandy,Esposito,29824,663,6.81,32
700,Leela,Bielfeld,33628,627,5.95,27
701,Tana,Kobierzycki,34422,406,6.22,66
702,Selia,Limmer,64139,791,9.47,59
703,Gloriana,Cristol,45992,757,6.15,48
704,Heida,Jupp,41970,349,5.31,56
705,Madlen,McSherry,67813,727,0.58,43
706,Meridith,Standeven,44632,497,6.54,25
707,Philipa,Shevlane,46662,476,1.12,20
708,Stepha,Ciccarello,36891,326,7.46,19
709,Hugibert,Mosen,53143,354,3.84,43
710,Armando,Buzek,55591,462,8.64,20
711,Cornelia,Bourne,42757,337,0.44,49
712,Kristos,Bannell,31350,572,3.55,42
713,Lem,Lapides,52018,449,9.63,43
714,Shir,Cockland,45306,546,4.9,19
715,Garry,Dashkov,44895,622,4.64,37
716,Julee,Dafydd,30370,770,2.54,44
717,Eirena,Kalkhoven,69673,369,5.48,25
718,Jodi,Scorah,34219,794,1.5,51
719,Ora,Innocent,44984,762,7.95,39
720,Clarence,Jzak,32998,704,4.43,70
721,Ciro,Pilsbury,40286,474,9.8,36
722,Lethia,Erbe,46331,334,7.48,76
723,Gilda,Dilnot,19750,350,8.3,29
724,Dolly,Turfes,54664,379,2.98,76
725,Retha,Owthwaite,37232,606,1.04,51
726,Rozalie,Burge,45141,636,1.05,59
727,Radcliffe,Maxfield,28573,841,9.62,51
728,Atlante,Malins,56077,606,4.81,28
729,Tildi,Bullent,46291,426,8.87,58
730,Jenelle,Dzenisenka,60785,818,8.84,77
731,Mano,Hankey,27780,479,0.69,25
732,Novelia,Caitlin,39142,522,3.2,33
733,Sula,Sigge,31241,723,2.79,77
734,Marv,Linnett,40282,410,9.35,40
735,Averell,Rotlauf,52916,668,2.17,40
736,Ailee,Androletti,52451,752,0.45,71
737,Didi,Goldman,47645,744,9.7,39
738,Griffie,Ruppelin,41020,712,0.94,44
739,Francklyn,Grigsby,33029,481,4.47,69
740,Carling,Mattea,53022,392,7.76,66
741,Shena,Wickins,40564,622,5.66,61
742,Emiline,Albiston,31008,370,9.84,24
743,Helyn,Swenson,26421,469,3.18,40
744,Lisle,Heavyside,60639,679,2.01,19
745,Helsa,Lamke,31585,714,9.17,78
746,Thomasine,Maxsted,42418,647,3.0,27
747,Lorrayne,Rackstraw,48591,614,5.39,27
748,Rosemonde,Clue,51449,686,8.2,44
749,Chrissie,Crady,59916,490,0.92,21
750,Andy,Keavy,56984,309,8.89,71
751,Alaine,Wanklin,45248,405,9.26,77
752,Rickie,Durbin,39677,766,3.67,53
753,Isis,Handke,32236,603,4.86,74
754,Nicoli,Wellstead,53445,304,0.04,20
755,Audi,Fitchett,46482,651,8.75,59
756,Estrella,Shearn,31494,585,7.99,77
757,Jayson,Raffels,51658,379,3.01,19
758,Kessia,Subhan,51699,546,3.02,34
759,Killie,O'Corhane,30035,468,7.69,74
760,Stephanus,Odda,57198,612,2.78,42
761,Roch,Tinner,45544,801,0.3,24
762,Andria,Huygens,44936,448,6.77,21
763,Flory,Enderle,33577,690,2.61,20
764,Burty,Jiricka,54488,536,9.52,77
765,Anna,Jent,46489,597,9.16,40
766,Orson,McTurk,49261,586,5.54,51
767,Chip,Brunelli,65076,461,2.34,76
768,Elly,Jeakins,52764,385,0.29,35
769,Viviene,Lechmere,55234,840,3.94,79
770,Mickie,Neesam,30644,317,3.4,60
771,Clio,Jerams,58819,423,7.24,35
772,Jared,Fenkel,26976,465,2.87,31
773,Constantine,Habbijam,56518,532,0.02,38
774,Austina,Thomazin,41008,764,1.93,68
775,Godfry,Haddleston,58097,803,9.19,49
776,Evvy,Ritchie,59295,476,6.38,44
777,Dani,Schoolcroft,37563,716,6.86,39
778,Thomasin,Lazenbury,24823,616,5.39,78
779,Germain,O'Crevy,43961,488,8.16,52
780,Katherina,Kalkhoven,54406,773,5.68,64
781,Sile,Hyland,42599,730,4.94,18
782,Lorain,Benoit,37662,692,1.73,70
783,Shelton,Turford,50349,689,9.7,78
784,Gardner,Aspenlon,33931,765,4.14,66
785,Shandeigh,Coleshill,36028,365,1.8,45
786,Betsy,Clayfield,48092,776,4.11,74
787,Gert,Breede,37607,450,8.34,75
788,Waverley,Persian,35365,811,8.15,78
789,Annette,Ainger,47817,376,5.36,35
790,Sibeal,Ioselevich,45683,561,3.55,75
791,Nicholas,Doncom,36358,307,0.11,41
792,Fowler,Lambal,36242,469,0.08,74
793,Marco,Walaron,43187,504,8.3,46
794,Giles,Sigart,27591,399,2.75,35
795,Hashim,Ughi,47563,655,8.14,74
796,Sheffy,Halloran,39101,726,9.57,24
797,Abelard,Lydiard,54854,449,0.14,57
798,Ruddie,McAuslan,54304,450,2.27,20
799,Thom,Saint,51646,680,2.49,73
800,Layney,Magrannell,66675,594,9.3,25
801,Curr,Meyer,37687,734,0.64,48
802,Amelie,Lyptrit,66486,820,8.05,59
803,Melloney,Lezemere,25015,712,6.73,42
804,Brander,Giacomuzzi,31738,626,0.21,34
805,Laird,Pope,47889,822,2.32,32
806,Cart,Dicey,45481,491,4.21,53
807,Georgia,Austwick,34356,381,4.67,66
808,Shane,Cockarill,45115,847,1.27,57
809,Arlyne,Stancliffe,60292,380,8.47,63
810,Blakeley,Tiernan,69038,569,0.86,65
811,Roger,Philpott,66660,371,5.04,41
812,Raviv,Mather,52637,814,2.8,52
813,Maurizia,Pyper,51808,402,3.6,60
814,Edward,Cleeton,45440,538,2.45,21
815,Malva,Freed,34991,712,5.48,18
816,Axel,MacFie,51197,548,0.17,23
817,Kaela,Skarman,42635,615,2.22,65
818,Ephrem,Cobbe,44376,514,3.92,44
819,Wilmette,Sherland,53812,476,6.47,74
820,Nickolai,Mewitt,34627,530,0.66,35
821,Duncan,McCafferty,36377,807,4.8,76
822,Marty,Dartnall,60165,585,5.87,32
823,Nerte,Chaise,31980,741,0.58,70
824,Garfield,Towe,57542,414,2.12,69
825,Rodi,Swin,36045,458,4.53,48
826,Larry,McShirrie,42880,432,6.8,49
827,Derrek,Swallow,39917,375,8.2,47
828,Charity,Rippingale,60352,701,8.39,62
829,Mercie,Stichall,59507,595,6.46,63
830,Bari,Getty,42721,414,4.63,46
831,Marlee,Ziehm,53907,334,6.58,48
832,Rosalie,Cudbird,50140,489,8.76,80
833,Jen,Bandiera,28660,850,8.19,37
834,Halley,Lindgren,38845,649,8.8,75
835,Jordan,Daburn,50439,514,9.08,32
836,Syd,Goldring,25472,605,3.57,46
837,Shayne,Gilfoy,39274,718,7.31,74
838,Dud,Backhouse,53516,374,0.31,30
839,Laurel,Ladyman,28967,397,2.87,48
840,Dominga,Sambell,39782,436,6.38,27
841,Carolyne,Lackham,43719,355,4.2,65
842,Austin,Pickthorn,41853,812,7.84,53
843,Adelle,Depke,38402,463,9.21,50
844,Horace,Dayley,58134,524,0.86,33
845,Selma,Caddies,48465,427,7.0,24
846,Phyllida,McGinnell,45174,673,2.17,56
847,Toddy,Stock,37255,806,3.48,27
848,Seana,Clemetts,34951,764,3.39,75
849,Rhetta,Mosdell,57570,645,7.05,70
850,Kitty,Huertas,44665,436,3.34,44
851,Jacquetta,Learmount,43021,827,0.66,35
852,Essa,Bergen,31580,729,1.66,76
853,Maximilien,Doelle,44242,730,9.98,34
854,Letisha,Edmondson,68884,356,5.25,51
855,Dita,Kalinsky,55863,376,6.25,65
856,Dorena,Ridge,56715,375,7.96,71
857,Noemi,Yegorkin,52431,399,5.19,37
858,Nerty,Beatey,70383,579,4.25,23
859,Milo,Boydon,43512,717,5.15,29
860,Brinn,Aronowicz,57028,612,8.41,62
861,Deane,Brosch,54794,544,0.22,44
862,Corny,Scarth,42555,621,5.32,23
863,Marlane,Trusse,35214,450,5.36,51
864,Helen,Dondon,46128,651,4.38,38
865,Ulrika,Klich,46151,563,1.93,40
866,Danila,Stock,51004,633,9.52,67
867,Lyndell,Eberz,48714,774,2.09,36
868,Isidoro,Oakey,38852,382,6.48,22
869,Fionnula,Matzen,44164,734,3.02,57
870,Helenka,Eldritt,41480,719,1.57,59
871,Joana,Balaizot,54184,364,9.28,69
872,Gwenni,Gillford,61242,734,0.97,61
873,Kiel,Fazzioli,37471,526,2.08,32
874,Kin,Darko,37955,391,9.67,49
875,Bernice,Harrowing,41064,439,4.79,38
876,Allyn,Leyes,54340,593,7.4,72
877,Brita,Outright,30105,657,3.2,34
878,Thea,Attoc,46679,573,3.75,61
879,Pincas,Fransoni,46027,485,5.2,23
880,Mallorie,Wescott,40819,699,2.14,64
881,Gill,Eisenberg,29982,416,5.11,75
882,Sibylle,Rollitt,43608,836,0.46,54
883,Harmony,Denyukin,42063,651,7.68,49
884,Gladys,Bonar,34017,449,6.09,77
885,Dannel,Fasham,46617,495,2.73,25
886,Stanley,Kyteley,49360,723,6.55,68
887,Nedda,Maffioletti,54999,406,1.65,56
888,Crista,Spore,43478,766,3.54,29
889,Aveline,Hercules,47842,330,7.14,76
890,Curry,Garron,46551,541,0.46,52
891,Gerda,McCrone,43196,499,5.07,44
892,Bendicty,Pledge,57302,759,1.93,36
893,Ugo,Yerrill,33747,672,3.78,42
894,Gerta,Gamble,49392,350,6.34,62
895,Leonore,Weald,32269,325,9.38,25
896,Mel,Gregh,39137,474,7.69,42
897,Matilda,Markie,48654,440,5.04,47
898,Bethanne,Malenfant,51924,822,3.72,36
899,Nerta,Mourgue,36026,373,4.78,58
900,Lilla,Tschiersch,44924,409,8.92,39
901,Darcie,Malec,47308,610,9.95,30
902,Vincent,Sperring,41658,365,0.81,63
903,Salvador,Mandrier,47028,666,4.88,31
904,Benedick,Gronaver,41107,760,7.3,69
905,Lorianna,Kirgan,50753,652,0.2,45
906,Camella,Legon,49543,523,0.45,36
907,Leeland,Bew,31835,606,5.29,40
908,Onfroi,Rispine,51171,582,3.8,52
909,Kellie,Shercliff,51255,431,6.42,76
910,Chloris,Gergler,54272,639,1.3,53
911,Laurie,Gulberg,50873,701,8.26,47
912,Annamarie,Drury,52675,833,1.93,36
913,Patsy,Schruur,42134,789,3.63,71
914,Lana,Chatto,49244,356,5.96,22
915,Hashim,Parncutt,30738,405,7.95,59
916,Mendy,Cottie,49797,574,1.29,20
917,Claiborn,Hatherill,38909,562,7.49,63
918,Desiri,Greenleaf,54050,517,2.7,56
919,Ezequiel,Renne,32773,834,3.7,57
920,Sheff,Alessandrini,49256,356,8.2,21
921,Skye,Daingerfield,49691,361,9.83,40
922,Daven,aManger,31312,512,2.59,19
923,Monro,Sworne,50542,739,5.48,24
924,Casi,Priddy,51232,366,0.65,42
925,Ahmed,Yannoni,44928,401,3.04,67
926,Hale,Nanetti,46317,599,4.27,75
927,Asia,Kynge,28724,519,6.4,60
928,Katharine,Ferrolli,55910,311,8.41,58
929,Becca,Berryman,52581,769,4.5,41
930,Fabien,Lent,57207,706,9.7,20
931,Dedie,Martinho,56027,410,7.0,30
932,Krispin,Blackett,58751,387,6.59,70
933,Tomlin,Ridings,31412,749,8.24,27
934,Peggy,Fairholme,29723,328,9.41,68
935,Bobbi,Le Gassick,40218,571,6.07,64
936,Karena,Selburn,60860,838,0.22,71
937,Oriana,Fowlds,55850,507,1.19,71
938,Pasquale,Sonnenschein,32422,312,6.05,20
939,Willa,McGahy,47340,694,6.65,43
940,Adore,MacCaull,54804,763,2.5,25
941,Vanya,Gridon,46271,445,3.6,28
942,Pier,Kiss,44769,655,8.52,39
943,Willow,Heatherington,40253,569,1.62,61
944,Raoul,Allwood,48310,827,7.79,54
945,Keir,Rosenblum,30808,321,5.28,19
946,Tracee,Sherwen,54725,304,4.61,40
947,Merci,Ilson,56651,833,4.05,62
948,Jo ann,Fonquernie,56932,400,1.12,35
949,Iseabal,Aldhous,50366,363,9.08,41
950,Eliza,Darleston,57162,513,5.4,74
951,Madelon,Bordiss,65362,694,3.41,76
952,Whitney,Dragonette,42560,414,0.6,73
953,Jacob,Gullen,35398,559,2.34,43
954,Jedidiah,Pencot,49273,551,8.74,31
955,Wilton,Knevett,41065,356,9.32,42
956,Jarret,Barkworth,39735,602,2.75,62
957,Clarissa,Pothergill,47013,779,8.11,21
958,Stephana,Ayre,37340,311,3.12,63
959,Rand,Pingstone,44937,735,3.36,52
960,Jayme,Daymond,56414,589,9.99,35
961,Matilde,Odeson,37301,337,1.75,30
962,Fax,Danielski,36533,618,4.4,65
963,Troy,Abramovici,34249,444,6.99,19
964,Zelma,Fransemai,57637,833,4.21,51
965,Hamil,Boken,41859,766,9.26,72
966,Belia,Ferentz,48951,548,7.17,53
967,Darryl,Poulsom,55297,308,8.65,45
968,Lemmie,Nornasell,50027,333,0.99,55
969,Kenton,Pimlott,36435,346,3.67,69
970,Gardner,MacTrustam,41622,722,2.55,77
971,Raymund,Wornum,51290,580,7.69,49
972,Genni,Eckersall,50858,496,8.42,21
973,Kynthia,Simmon,50895,385,9.14,43
974,Doria,Yedall,35601,633,0.12,80
975,Honoria,Arens,48089,642,4.83,78
976,Bonny,Mosdell,43939,626,6.63,70
977,Lanie,Nazareth,42818,587,6.63,77
978,Leoline,Bentham,32138,533,7.96,50
979,Clemmie,Whaplington,47593,456,9.48,33
980,Luther,Cruft,81757,307,9.32,33
981,Ware,Tiley,55359,492,9.97,29
982,Baxie,Sprott,48117,461,1.09,35
983,Nichole,Napthine,35039,725,3.21,72
984,Gretta,Stitson,40864,827,0.41,43
985,Noami,Lorant,30643,429,6.69,49
986,Sadie,Barz,37988,431,7.1,69
987,Ervin,Ferreres,48745,402,4.66,78
988,Rogerio,Coche,34998,718,4.49,71
989,Marquita,Latter,38075,694,2.51,47
990,Tait,Scutts,55969,513,7.19,27
991,Boyd,Snooks,58766,523,3.33,41
992,Creighton,Leber,22990,624,7.34,57
993,Quill,Nice,50607,532,0.72,31
994,Cheston,Battson,48479,806,6.89,68
995,Alexis,Longea,49446,811,5.11,44
996,Betty,Cardillo,48391,653,4.86,20
997,Sidney,Davydoch,48335,577,4.31,21
998,Freddy,Postans,37616,506,1.26,53
999,Thorin,Annable,49307,799,1.07,65
1000,Isaiah,Vicary,41215,366,3.86,59
